Strategy,Revenue,Profit,UnitsSold,ROI,ElasticityK,Run
markdown,553.5539900430264,207.58274626613488,69.1942487553783,0.375,6,1
none,228.2246867620539,114.11234338102695,22.82246867620539,0.5,6,1
promotion,661.0230994397232,293.7880441954325,73.44701104885813,0.4444444444444444,6,1
markdown,483.26141987883227,181.2230324545621,60.407677484854034,0.37499999999999994,6,2
none,527.2777245881936,263.6388622940968,52.72777245881936,0.5,6,2
promotion,410.0016692727398,182.22296412121767,45.55574103030442,0.4444444444444444,6,2
markdown,641.4197027482685,240.5323885306007,80.17746284353356,0.37500000000000006,6,3
none,346.27193853552996,173.13596926776498,34.627193853552996,0.5,6,3
promotion,451.8385743005704,200.81714413358685,50.20428603339671,0.4444444444444445,6,3
markdown,421.75542098516286,158.15828286943605,52.71942762314536,0.37499999999999994,6,4
none,621.7155260069743,310.85776300348715,62.17155260069743,0.5,6,4
promotion,368.16476424490924,163.62878410884855,40.90719602721214,0.4444444444444444,6,4
markdown,456.9017060672597,171.33813977522237,57.11271325840746,0.375,6,5
none,550.8871749428886,275.4435874714443,55.088717494288865,0.5,6,5
promotion,410.00166927273983,182.2229641212177,45.555741030304425,0.4444444444444444,6,5
markdown,579.9137038545989,217.46763894547456,72.48921298182486,0.37499999999999994,6,6
none,464.31919030900616,232.15959515450308,46.431919030900616,0.5,6,6
promotion,384.89952625604144,171.0664561137962,42.76661402844905,0.4444444444444444,6,6
markdown,465.688277337784,174.63310400166898,58.211034667223,0.375,6,7
none,519.407907803295,259.7039539016475,51.94079078032949,0.5,6,7
promotion,435.1038122894382,193.3794721286392,48.3448680321598,0.4444444444444444,6,7
markdown,465.688277337784,174.633104001669,58.211034667223,0.37500000000000006,6,8
none,456.4493735241078,228.2246867620539,45.64493735241078,0.5,6,8
promotion,502.042860333967,223.13016014842978,55.782540037107445,0.4444444444444445,6,8
markdown,641.4197027482684,240.53238853060066,80.17746284353355,0.375,6,9
none,393.4908392449205,196.74541962246025,39.34908392449205,0.5,6,9
promotion,401.6342882671737,178.50412811874386,44.626032029685966,0.4444444444444444,6,9
markdown,518.4077049609293,194.4028893603485,64.80096312011617,0.375,6,10
none,582.3664420824822,291.1832210412411,58.23664420824822,0.5,6,10
promotion,317.9604782115125,141.31576809400556,35.32894202350139,0.4444444444444445,6,10
markdown,254.8105668452027,95.55396256695101,31.851320855650336,0.37500000000000006,6,11
none,668.9344267163648,334.4672133581824,66.89344267163648,0.5,6,11
promotion,476.94071731726865,211.97365214100827,52.99341303525207,0.4444444444444444,6,11
markdown,606.2734176661716,227.35253162481433,75.78417720827144,0.375,6,12
none,424.9701063845141,212.48505319225706,42.497010638451414,0.5,6,12
promotion,401.6342882671737,178.50412811874386,44.626032029685966,0.4444444444444444,6,12
markdown,702.9257016419378,263.5971381157267,87.86571270524223,0.375,6,13
none,519.4079078032951,259.70395390164754,51.94079078032951,0.5,6,13
promotion,209.18452513915304,92.97090006184578,23.242725015461446,0.44444444444444436,6,13
markdown,369.0359933620175,138.38849751075654,46.12949917025219,0.37499999999999994,6,14
none,653.194793146568,326.597396573284,65.3194793146568,0.5,6,14
promotion,384.89952625604144,171.0664561137962,42.76661402844905,0.4444444444444444,6,14
markdown,658.9928452893168,247.1223169834938,82.3741056611646,0.37499999999999994,6,15
none,346.27193853553007,173.13596926776503,34.627193853553,0.5,6,15
promotion,435.1038122894382,193.3794721286392,48.3448680321598,0.4444444444444444,6,15
markdown,386.609135903066,144.97842596364973,48.32614198788325,0.37499999999999994,6,16
none,322.6624881808348,161.3312440904174,32.26624881808348,0.5,6,16
promotion,719.5947664786861,319.81989621274937,79.95497405318734,0.4444444444444444,6,16
markdown,746.8585579945591,280.0719592479597,93.35731974931988,0.37500000000000006,6,17
none,291.1832210412411,145.59161052062055,29.11832210412411,0.5,6,17
promotion,410.00166927273983,182.2229641212177,45.555741030304425,0.4444444444444444,6,17
markdown,553.5539900430264,207.58274626613488,69.1942487553783,0.375,6,18
none,267.57377068654586,133.78688534327293,26.757377068654588,0.5,6,18
promotion,619.1861944118926,275.1938641830634,68.79846604576585,0.4444444444444444,6,18
markdown,544.7674187725021,204.28778203968827,68.09592734656276,0.375,6,19
none,440.709739954311,220.3548699771555,44.070973995431096,0.5,6,19
promotion,443.4711932950042,197.09830813111296,49.27457703277824,0.4444444444444444,6,19
markdown,808.3645568882288,303.1367088330858,101.0455696110286,0.375,6,20
none,306.92285461103796,153.46142730551898,30.692285461103797,0.5,6,20
promotion,334.6952402226447,148.7534400989532,37.1883600247383,0.4444444444444444,6,20
markdown,421.7554209851628,158.15828286943605,52.71942762314535,0.375,6,21
none,574.4966252975839,287.24831264879197,57.44966252975839,0.5,6,21
promotion,418.36905027830585,185.94180012369148,46.48545003092287,0.4444444444444444,6,21
markdown,615.0599889366958,230.64749585126094,76.88249861708698,0.375,6,22
none,582.3664420824822,291.1832210412411,58.23664420824822,0.5,6,22
promotion,225.9192871502852,100.40857206679343,25.102143016698356,0.4444444444444445,6,22
markdown,535.9808475019779,200.9928178132417,66.99760593774724,0.37499999999999994,6,23
none,456.44937352410767,228.22468676205384,45.64493735241077,0.5,6,23
promotion,435.1038122894381,193.37947212863915,48.34486803215979,0.4444444444444444,6,23
markdown,588.7002751251231,220.76260317192117,73.58753439064039,0.375,6,24
none,417.10028959961573,208.55014479980787,41.710028959961576,0.5,6,24
promotion,426.73643128387204,189.66063612616534,47.415159031541336,0.4444444444444444,6,24
markdown,421.7554209851628,158.15828286943605,52.71942762314535,0.375,6,25
none,448.57955673920935,224.28977836960468,44.857955673920934,0.5,6,25
promotion,552.2471463673638,245.4431761632728,61.3607940408182,0.4444444444444444,6,25
markdown,228.4508530336298,85.66906988761119,28.556356629203727,0.37500000000000006,6,26
none,550.8871749428887,275.44358747144435,55.08871749428887,0.5,6,26
promotion,627.5535754174589,278.9127001855373,69.72817504638432,0.4444444444444445,6,26
markdown,562.3405613135504,210.8777104925814,70.2925701641938,0.375,6,27
none,480.058823878803,240.0294119394015,48.005882387880305,0.5,6,27
promotion,384.89952625604144,171.06645611379616,42.76661402844904,0.44444444444444436,6,27
markdown,544.7674187725019,204.2877820396882,68.09592734656273,0.375,6,28
none,259.70395390164754,129.85197695082377,25.97039539016475,0.5,6,28
promotion,635.920956423025,282.6315361880111,70.65788404700278,0.4444444444444445,6,28
markdown,483.2614198788325,181.22303245456217,60.40767748485406,0.37499999999999994,6,29
none,369.8813888902252,184.9406944451126,36.988138889022515,0.5,6,29
promotion,577.3492893840621,256.5996841706943,64.14992104267357,0.4444444444444445,6,29
markdown,535.9808475019777,200.99281781324163,66.99760593774721,0.375,6,30
none,212.48505319225706,106.24252659612853,21.248505319225707,0.5,6,30
promotion,694.4926234619878,308.6633882053279,77.16584705133198,0.4444444444444444,6,30
markdown,799.5779856177046,299.8417446066392,99.94724820221307,0.375,6,31
none,346.27193853552996,173.13596926776498,34.627193853552996,0.5,6,31
promotion,301.22571620038025,133.8780960890579,33.46952402226447,0.4444444444444445,6,31
markdown,562.3405613135506,210.87771049258143,70.29257016419382,0.37499999999999994,6,32
none,558.7569917277868,279.3784958638934,55.87569917277869,0.5,6,32
promotion,301.22571620038036,133.87809608905792,33.46952402226448,0.44444444444444436,6,32
markdown,456.9017060672598,171.33813977522243,57.112713258407474,0.375,6,33
none,448.5795567392091,224.28977836960456,44.85795567392091,0.5,6,33
promotion,518.7776223450994,230.56783215337754,57.641958038344384,0.4444444444444445,6,33
markdown,790.7914143471802,296.54678038019256,98.84892679339752,0.375,6,34
none,251.83413711674913,125.91706855837457,25.183413711674913,0.5,6,34
promotion,410.00166927273983,182.2229641212177,45.555741030304425,0.4444444444444444,6,34
markdown,571.1271325840747,214.172674719028,71.39089157300934,0.375,6,35
none,354.14175532042844,177.07087766021422,35.41417553204284,0.5,6,35
promotion,510.4102413395332,226.84899615090364,56.71224903772591,0.4444444444444445,6,35
markdown,606.2734176661716,227.35253162481433,75.78417720827144,0.375,6,36
none,582.3664420824823,291.18322104124115,58.23664420824823,0.5,6,36
promotion,234.2866681558513,104.12740806926723,26.031852017316808,0.4444444444444444,6,36
markdown,606.2734176661716,227.35253162481433,75.78417720827144,0.375,6,37
none,448.57955673920924,224.28977836960462,44.85795567392093,0.5,6,37
promotion,376.5321452504754,167.34762011132239,41.836905027830596,0.44444444444444436,6,37
markdown,632.6331314777443,237.23742430415413,79.07914143471804,0.375,6,38
none,448.57955673920924,224.28977836960462,44.85795567392093,0.5,6,38
promotion,351.430002233777,156.19111210390088,39.04777802597522,0.4444444444444444,6,38
markdown,421.75542098516286,158.15828286943605,52.71942762314536,0.37499999999999994,6,39
none,519.4079078032951,259.70395390164754,51.94079078032951,0.5,6,39
promotion,476.94071731726865,211.9736521410083,52.993413035252075,0.4444444444444445,6,39
markdown,430.54199225568715,161.4532470958827,53.81774903196089,0.375,6,40
none,393.4908392449205,196.74541962246025,39.34908392449205,0.5,6,40
promotion,602.4514324007604,267.7561921781157,66.93904804452893,0.4444444444444444,6,40
markdown,571.1271325840747,214.172674719028,71.39089157300934,0.375,6,41
none,503.66827423349815,251.83413711674908,50.36682742334982,0.5,6,41
promotion,351.430002233777,156.19111210390088,39.04777802597522,0.4444444444444444,6,41
markdown,210.87771049258143,79.07914143471803,26.35971381157268,0.37499999999999994,6,42
none,574.4966252975839,287.24831264879197,57.4496625297584,0.5,6,42
promotion,619.1861944118926,275.1938641830634,68.79846604576585,0.4444444444444444,6,42
markdown,254.81056684520257,95.55396256695097,31.85132085565032,0.37500000000000006,6,43
none,692.5438770710599,346.27193853552996,69.25438770710599,0.5,6,43
promotion,451.8385743005705,200.81714413358688,50.20428603339672,0.4444444444444444,6,43
markdown,571.1271325840746,214.17267471902798,71.39089157300933,0.375,6,44
none,472.18900709390465,236.09450354695232,47.21890070939047,0.5,6,44
promotion,384.89952625604144,171.06645611379616,42.76661402844904,0.44444444444444436,6,44
markdown,492.04799114935656,184.5179966810087,61.50599889366957,0.37499999999999994,6,45
none,464.3191903090063,232.15959515450314,46.43191903090063,0.5,6,45
promotion,468.5733363117026,208.25481613853447,52.063704034633616,0.4444444444444444,6,45
markdown,658.9928452893168,247.1223169834938,82.3741056611646,0.37499999999999994,6,46
none,417.10028959961585,208.55014479980792,41.71002895996158,0.5,6,46
promotion,359.79738323934305,159.90994810637469,39.97748702659367,0.4444444444444444,6,46
markdown,456.9017060672597,171.33813977522237,57.11271325840746,0.375,6,47
none,322.6624881808348,161.3312440904174,32.26624881808348,0.5,6,47
promotion,652.6557184341573,290.06920819295874,72.51730204823969,0.44444444444444436,6,47
markdown,571.1271325840747,214.172674719028,71.39089157300934,0.375,6,48
none,440.70973995431075,220.35486997715537,44.070973995431075,0.5,6,48
promotion,418.369050278306,185.94180012369156,46.48545003092289,0.4444444444444444,6,48
markdown,351.4628508209691,131.7985690578634,43.93285635262114,0.375,6,49
none,519.4079078032951,259.70395390164754,51.9407907803295,0.5,6,49
promotion,543.8797653617976,241.72434016079893,60.43108504019973,0.4444444444444445,6,49
markdown,667.7794165598413,250.41728120994046,83.47242706998016,0.375,6,50
none,173.13596926776495,86.56798463388247,17.313596926776498,0.5,6,50
promotion,610.8188134063266,271.4750281805896,67.8687570451474,0.4444444444444445,6,50
markdown,441.4553294057308,165.54574852714904,55.18191617571635,0.37499999999999994,8,1
none,632.698093066253,316.3490465331265,63.269809306625305,0.5,8,1
promotion,998.3063371269255,443.6917053897447,110.92292634743617,0.4444444444444445,8,1
markdown,772.5468264600289,289.7050599225108,96.56835330750361,0.375,8,2
none,1074.3929882257128,537.1964941128564,107.43929882257129,0.5,8,2
promotion,219.14041546688605,97.39574020750491,24.34893505187623,0.4444444444444445,8,2
markdown,465.980625483827,174.74273455643512,58.247578185478375,0.375,8,3
none,680.4488925429515,340.22444627147576,68.04488925429516,0.5,8,3
promotion,925.2595319712967,411.2264586539096,102.8066146634774,0.4444444444444444,8,3
markdown,723.4962343038367,271.3110878639387,90.43702928797958,0.37499999999999994,8,4
none,513.3210943745073,256.66054718725366,51.33210943745073,0.5,8,4
promotion,840.0382592897298,373.3503374621021,93.33758436552553,0.4444444444444444,8,4
markdown,821.5974186162211,308.09903198108293,102.69967732702764,0.375,8,5
none,405.8817955519361,202.94089777596804,40.588179555193605,0.5,8,5
promotion,852.212726815668,378.76121191807465,94.69030297951866,0.4444444444444444,8,5
markdown,993.2744911628942,372.4779341860853,124.15931139536177,0.375,8,6
none,465.57029489780894,232.78514744890447,46.557029489780895,0.5,8,6
promotion,620.897843822844,275.95459725459733,68.98864931364933,0.4444444444444444,8,6
markdown,846.1227146943174,317.29601801036904,105.76533933678968,0.375,8,7
none,513.3210943745072,256.6605471872536,51.332109437450725,0.5,8,7
promotion,718.2935840303488,319.24159290237725,79.81039822559431,0.4444444444444444,8,7
markdown,527.2938656790673,197.73519962965025,65.91173320988341,0.37500000000000006,8,8
none,477.5079947669834,238.7539973834917,47.75079947669835,0.5,8,8
promotion,1071.3531422825542,476.15695212557966,119.03923803139492,0.4444444444444444,8,8
markdown,1128.163619592423,423.06135734715866,141.02045244905287,0.37500000000000006,8,9
none,620.7603931970785,310.38019659853927,62.07603931970785,0.5,8,9
promotion,328.7106232003292,146.09361031125744,36.52340257781436,0.4444444444444445,8,9
markdown,306.566200976202,114.96232536607576,38.32077512202525,0.375,8,10
none,632.6980930662531,316.34904653312657,63.26980930662532,0.5,8,10
promotion,1132.2254799122445,503.21132440544204,125.80283110136051,0.4444444444444445,8,10
markdown,772.5468264600288,289.70505992251077,96.5683533075036,0.37499999999999994,8,11
none,537.1964941128565,268.59824705642825,53.71964941128566,0.5,8,11
promotion,766.9914541341012,340.8850907262672,85.2212726815668,0.4444444444444444,8,11
markdown,649.9203460695483,243.72012977608063,81.24004325869353,0.37500000000000006,8,12
none,835.6389908422209,417.81949542111045,83.5638990842221,0.5,8,12
promotion,584.3744412450295,259.7219738866798,64.93049347166995,0.4444444444444445,8,12
markdown,981.0118431238463,367.87944117144235,122.6264803904808,0.37499999999999994,8,13
none,393.94409568276126,196.97204784138063,39.394409568276124,0.5,8,13
promotion,706.1191165044107,313.8307184464048,78.4576796116012,0.4444444444444445,8,13
markdown,772.5468264600288,289.70505992251077,96.5683533075036,0.37499999999999994,8,14
none,704.3242922813007,352.16214614065035,70.43242922813008,0.5,8,14
promotion,596.5489087709677,265.1328483426523,66.28321208566308,0.4444444444444444,8,14
markdown,453.71797744477897,170.14424154179213,56.71474718059737,0.37500000000000006,8,15
none,716.2619921504754,358.1309960752377,71.62619921504754,0.5,8,15
promotion,900.9105969194202,400.40470974196455,100.10117743549114,0.4444444444444445,8,15
markdown,919.6986029286059,344.8869760982272,114.96232536607573,0.375,8,16
none,441.6948951594597,220.84744757972985,44.16948951594597,0.5,8,16
promotion,718.2935840303488,319.24159290237725,79.81039822559431,0.4444444444444444,8,16
markdown,343.3541450933463,128.75780441000487,42.919268136668286,0.375,8,17
none,811.7635911038718,405.8817955519359,81.17635911038718,0.5,8,17
promotion,913.0850644453586,405.8155841979372,101.4538960494843,0.4444444444444445,8,17
markdown,711.2335862647885,266.7125948492957,88.90419828309857,0.37500000000000006,8,18
none,537.1964941128564,268.5982470564282,53.719649411285644,0.5,8,18
promotion,827.8637917637917,367.9394630061297,91.98486575153242,0.44444444444444453,8,18
markdown,551.8191617571636,206.9321856589363,68.97739521964544,0.37499999999999994,8,19
none,847.5766907113956,423.7883453556978,84.75766907113956,0.5,8,19
promotion,669.5957139265964,297.5980950784873,74.39952376962182,0.4444444444444444,8,19
markdown,1348.8912842952886,505.83423161073324,168.61141053691108,0.375,8,20
none,370.0686959444122,185.0343479722061,37.00686959444121,0.5,8,20
promotion,365.2340257781434,162.32623367917486,40.581558419793716,0.4444444444444445,8,20
markdown,846.1227146943174,317.29601801036904,105.76533933678968,0.375,8,21
none,477.5079947669834,238.7539973834917,47.75079947669835,0.5,8,21
promotion,754.8169866081631,335.47421627029473,83.86855406757368,0.4444444444444445,8,21
markdown,539.5565137181156,202.33369264429336,67.44456421476445,0.375,8,22
none,704.3242922813006,352.1621461406503,70.43242922813006,0.5,8,22
promotion,827.8637917637917,367.93946300612964,91.98486575153241,0.4444444444444444,8,22
markdown,784.809474499077,294.3035529371539,98.10118431238463,0.375,8,23
none,286.5047968601901,143.25239843009504,28.65047968601901,0.5,8,23
promotion,1010.4808046528634,449.10257984571706,112.27564496142926,0.4444444444444444,8,23
markdown,968.7491950847981,363.2809481567993,121.09364938559976,0.375,8,24
none,596.8849934587294,298.4424967293647,59.68849934587294,0.5,8,24
promotion,511.3276360894008,227.25672715084482,56.814181787711206,0.4444444444444445,8,24
markdown,637.6576980305001,239.12163676143757,79.70721225381251,0.37500000000000006,8,25
none,596.8849934587292,298.4424967293646,59.68849934587293,0.5,8,25
promotion,840.0382592897299,373.3503374621022,93.33758436552554,0.4444444444444444,8,25
markdown,600.8697539133559,225.32615771750847,75.10871923916949,0.375,8,26
none,823.7012909730465,411.85064548652326,82.37012909730466,0.5,8,26
promotion,645.24677887472,286.7763461665422,71.69408654163556,0.4444444444444444,8,26
markdown,772.546826460029,289.7050599225109,96.56835330750363,0.375,8,27
none,537.1964941128564,268.5982470564282,53.719649411285644,0.5,8,27
promotion,766.9914541341011,340.88509072626715,85.22127268156679,0.4444444444444444,8,27
markdown,600.8697539133559,225.32615771750847,75.10871923916949,0.375,8,28
none,596.8849934587292,298.4424967293646,59.68849934587293,0.5,8,28
promotion,876.5616618675442,389.58296083001966,97.39574020750491,0.4444444444444445,8,28
markdown,576.3444578352597,216.12917168822239,72.04305722940747,0.375,8,29
none,573.0095937203802,286.5047968601901,57.30095937203802,0.5,8,29
promotion,925.2595319712967,411.2264586539096,102.8066146634774,0.4444444444444444,8,29
markdown,968.7491950847982,363.28094815679935,121.09364938559978,0.37500000000000006,8,30
none,728.1996920196498,364.0998460098249,72.81996920196498,0.5,8,30
promotion,377.4084933040815,167.73710813514734,41.934277033786834,0.4444444444444445,8,30
markdown,870.6480107724134,326.49300403965503,108.83100134655167,0.375,8,31
none,561.0718938512057,280.53594692560284,56.10718938512056,0.5,8,31
promotion,645.2467788747201,286.7763461665423,71.69408654163557,0.4444444444444445,8,31
markdown,478.2432735228752,179.3412275710782,59.7804091903594,0.375,8,32
none,764.0127916271736,382.0063958135868,76.40127916271736,0.5,8,32
promotion,827.8637917637917,367.93946300612964,91.98486575153241,0.4444444444444444,8,32
markdown,171.67707254667314,64.37890220500243,21.459634068334143,0.375,8,33
none,847.5766907113957,423.78834535569786,84.75766907113957,0.5,8,33
promotion,1047.0042072306778,465.3352032136346,116.33380080340865,0.4444444444444445,8,33
markdown,772.546826460029,289.7050599225109,96.56835330750363,0.375,8,34
none,262.6293971218407,131.31469856092036,26.262939712184075,0.5,8,34
promotion,1047.0042072306778,465.33520321363466,116.33380080340866,0.44444444444444453,8,34
markdown,1164.9515637095674,436.8568363910877,145.61894546369592,0.37499999999999994,8,35
none,358.1309960752376,179.0654980376188,35.81309960752376,0.5,8,35
promotion,560.0255061931534,248.90022497473484,62.22505624368371,0.4444444444444444,8,35
markdown,355.6167931323943,133.35629742464786,44.45209914154929,0.375,8,36
none,668.5111926737769,334.25559633688846,66.8511192673777,0.5,8,36
promotion,1047.0042072306778,465.3352032136346,116.33380080340865,0.4444444444444445,8,36
markdown,735.7588823428847,275.9095808785818,91.96986029286059,0.375,8,37
none,823.7012909730465,411.85064548652326,82.37012909730466,0.5,8,37
promotion,511.3276360894008,227.25672715084482,56.814181787711206,0.4444444444444445,8,37
markdown,907.4359548895578,340.2884830835842,113.42949436119473,0.375,8,38
none,680.4488925429515,340.22444627147576,68.04488925429516,0.5,8,38
promotion,486.97870103752456,216.43497823889982,54.108744559724954,0.4444444444444445,8,38
markdown,551.8191617571636,206.9321856589363,68.97739521964544,0.37499999999999994,8,39
none,835.6389908422211,417.81949542111056,83.56389908422211,0.5,8,39
promotion,681.7701814525344,303.00896953445977,75.75224238361494,0.4444444444444445,8,39
markdown,674.4456421476442,252.9171158053666,84.30570526845553,0.375,8,40
none,573.0095937203802,286.5047968601901,57.30095937203802,0.5,8,40
promotion,827.8637917637918,367.9394630061297,91.98486575153242,0.4444444444444444,8,40
markdown,1005.5371392019426,377.07642720072846,125.69214240024283,0.37499999999999994,8,41
none,596.8849934587292,298.4424967293646,59.68849934587293,0.5,8,41
promotion,474.80423351158635,211.02410378292726,52.756025945731814,0.4444444444444444,8,41
markdown,870.6480107724136,326.4930040396551,108.8310013465517,0.375,8,42
none,811.7635911038718,405.8817955519359,81.17635911038718,0.5,8,42
promotion,389.5829608300197,173.14798259111987,43.28699564777997,0.4444444444444444,8,42
markdown,907.4359548895575,340.2884830835841,113.42949436119468,0.37500000000000006,8,43
none,931.140589795618,465.570294897809,93.1140589795618,0.5,8,43
promotion,231.31488299282427,102.80661466347746,25.701653665869365,0.4444444444444445,8,43
markdown,637.6576980305001,239.12163676143754,79.70721225381251,0.375,8,44
none,752.0750917579988,376.0375458789994,75.20750917579988,0.5,8,44
promotion,681.7701814525344,303.00896953445977,75.75224238361494,0.4444444444444445,8,44
markdown,956.4865470457502,358.6824551421563,119.56081838071877,0.375,8,45
none,310.3801965985393,155.19009829926966,31.038019659853934,0.5,8,45
promotion,815.6893242378535,362.5285885501571,90.63214713753928,0.4444444444444444,8,45
markdown,625.3950499914521,234.52314374679455,78.17438124893151,0.375,8,46
none,680.4488925429515,340.22444627147576,68.04488925429516,0.5,8,46
promotion,766.9914541341011,340.88509072626715,85.22127268156679,0.4444444444444444,8,46
markdown,784.809474499077,294.3035529371539,98.10118431238463,0.375,8,47
none,501.38339450533266,250.69169725266633,50.138339450533266,0.5,8,47
promotion,791.3403891859774,351.70683963821216,87.92670990955304,0.4444444444444444,8,47
markdown,931.961250967654,349.48546911287025,116.49515637095675,0.375,8,48
none,477.5079947669834,238.7539973834917,47.75079947669835,0.5,8,48
promotion,669.5957139265963,297.59809507848723,74.39952376962181,0.4444444444444444,8,48
markdown,784.8094744990769,294.3035529371538,98.10118431238462,0.37499999999999994,8,49
none,752.075091757999,376.0375458789995,75.2075091757999,0.5,8,49
promotion,535.6765711412771,238.07847606278983,59.51961901569746,0.4444444444444444,8,49
markdown,551.8191617571636,206.9321856589363,68.97739521964544,0.37499999999999994,8,50
none,608.822693327904,304.411346663952,60.8822693327904,0.5,8,50
promotion,913.0850644453586,405.81558419793714,101.45389604948429,0.4444444444444444,8,50
markdown,1063.4118817440913,398.7794556540342,132.9264852180114,0.375,10,1
none,674.445642147644,337.222821073822,67.4445642147644,0.5,10,1
promotion,853.7962854552582,379.4650157578925,94.86625393947313,0.4444444444444444,10,1
markdown,748.8816068620359,280.8306025732635,93.61020085775449,0.375,10,2
none,797.072122538125,398.5360612690625,79.7072122538125,0.5,10,2
promotion,1051.9989945788002,467.555108701689,116.88877717542225,0.4444444444444445,10,2
markdown,1168.255306704776,438.09574001429104,146.031913338097,0.375,10,3
none,797.072122538125,398.5360612690625,79.7072122538125,0.5,10,3
promotion,625.1008518511712,277.82260082274274,69.45565020568569,0.4444444444444444,10,3
markdown,838.7473996854801,314.53027488205504,104.84342496068501,0.375,10,4
none,536.4908517083535,268.24542585417674,53.64908517083535,0.5,10,4
promotion,1219.7089792217973,542.0928796541322,135.52321991353304,0.4444444444444445,10,4
markdown,763.8592389992768,286.4472146247288,95.4824048749096,0.375,10,5
none,904.3702928797956,452.1851464398978,90.43702928797956,0.5,10,5
promotion,930.0280966566204,413.34582073627575,103.33645518406894,0.4444444444444445,10,5
markdown,614.0829176268695,230.28109411007608,76.76036470335869,0.375,10,6
none,1118.9666335631373,559.4833167815686,111.89666335631372,0.5,10,6
promotion,869.0426476955304,386.24117675356905,96.56029418839226,0.4444444444444444,10,6
markdown,599.1052854896288,224.66448205861082,74.8881606862036,0.375,10,7
none,812.400432586935,406.2002162934675,81.2400432586935,0.5,10,7
promotion,1189.2162547412524,528.5405576627788,132.1351394156947,0.4444444444444444,10,7
markdown,883.6802960972022,331.3801110364509,110.46003701215028,0.37500000000000006,10,8
none,705.1022622452648,352.5511311226324,70.51022622452648,0.5,10,8
promotion,1006.2599078579826,447.22662571465895,111.80665642866474,0.4444444444444445,10,8
markdown,1362.9645244889055,511.1116966833395,170.37056556111318,0.375,10,9
none,582.4757818547838,291.2378909273919,58.247578185478375,0.5,10,9
promotion,640.3472140914436,284.59876181841935,71.14969045460484,0.4444444444444444,10,9
markdown,823.7697675482397,308.9136628305899,102.97122094352996,0.375,10,10
none,735.7588823428847,367.87944117144235,73.57588823428847,0.5,10,10
promotion,1036.7526323385277,460.7789477060123,115.19473692650307,0.44444444444444436,10,10
markdown,973.5460889206468,365.07978334524256,121.69326111508084,0.37500000000000006,10,11
none,1026.9967732702764,513.4983866351382,102.69967732702764,0.5,10,11
promotion,594.6081273706262,264.2702788313894,66.06756970784735,0.4444444444444444,10,11
markdown,763.8592389992766,286.44721462472876,95.48240487490958,0.37500000000000006,10,12
none,827.7287426357452,413.8643713178726,82.77287426357452,0.5,10,12
promotion,1006.2599078579829,447.226625714659,111.80665642866475,0.4444444444444444,10,12
markdown,344.48553915653656,129.1820771837012,43.06069239456707,0.375,10,13
none,1762.755655613161,881.3778278065805,176.2755655613161,0.5,10,13
promotion,503.1299539289914,223.6133128573295,55.903328214332376,0.4444444444444444,10,13
markdown,1108.3447781558132,415.6292918084299,138.54309726947665,0.375,10,14
none,751.0871923916949,375.54359619584744,75.10871923916949,0.5,10,14
promotion,731.8253875330784,325.25572779247926,81.31393194811982,0.4444444444444444,10,14
markdown,1018.4789853323689,381.92961949963836,127.30987316654611,0.37500000000000006,10,15
none,1042.3250833190864,521.1625416595432,104.23250833190865,0.5,10,15
promotion,533.6226784095363,237.16563484868283,59.29140871217071,0.4444444444444445,10,15
markdown,823.7697675482394,308.91366283058983,102.97122094352993,0.37500000000000006,10,16
none,843.0570526845555,421.52852634227776,84.30570526845554,0.5,10,16
promotion,930.0280966566204,413.34582073627575,103.33645518406894,0.4444444444444445,10,16
markdown,464.3065962544624,174.1149735954234,58.0383245318078,0.375,10,17
none,1302.9063541488583,651.4531770744292,130.29063541488583,0.5,10,17
promotion,838.5499232149856,372.68885476221584,93.17221369055396,0.4444444444444445,10,17
markdown,1018.4789853323689,381.92961949963836,127.30987316654611,0.37500000000000006,10,18
none,919.6986029286056,459.8493014643028,91.96986029286057,0.5,10,18
promotion,655.5935763317162,291.37492281409607,72.84373070352402,0.44444444444444436,10,18
markdown,569.1500212151474,213.43125795568028,71.14375265189342,0.375,10,19
none,996.3401531726564,498.1700765863282,99.63401531726564,0.5,10,19
promotion,1036.7526323385275,460.7789477060123,115.19473692650307,0.4444444444444445,10,19
markdown,838.7473996854801,314.53027488205504,104.84342496068501,0.375,10,20
none,1088.3100134655167,544.1550067327584,108.83100134655167,0.5,10,20
promotion,670.8399385719888,298.1510838097728,74.5377709524432,0.4444444444444444,10,20
markdown,524.2171248034252,196.58142180128445,65.52714060042815,0.375,10,21
none,643.7890220500241,321.89451102501204,64.3789022050024,0.5,10,21
promotion,1433.1580505856118,636.9591335936052,159.2397833984013,0.4444444444444444,10,21
markdown,853.7250318227208,320.1468869335203,106.7156289778401,0.375,10,22
none,659.1173320988344,329.5586660494172,65.91173320988344,0.5,10,22
promotion,1082.491719059345,481.1074306930423,120.27685767326058,0.4444444444444445,10,22
markdown,1108.344778155813,415.6292918084299,138.54309726947662,0.37500000000000006,10,23
none,567.1474718059737,283.57373590298687,56.71474718059737,0.5,10,23
promotion,914.781734416348,406.5696597405991,101.64241493514977,0.4444444444444445,10,23
markdown,808.7921354109988,303.29705077912456,101.09901692637484,0.37500000000000006,10,24
none,919.6986029286059,459.8493014643029,91.96986029286059,0.5,10,24
promotion,869.0426476955306,386.24117675356916,96.56029418839229,0.4444444444444445,10,24
markdown,718.9263425875545,269.59737847033296,89.86579282344431,0.37500000000000006,10,25
none,1180.2798737583773,590.1399368791887,118.02798737583774,0.5,10,25
promotion,701.3326630525336,311.70340580112605,77.92585145028151,0.4444444444444445,10,25
markdown,898.6579282344431,336.99672308791617,112.3322410293054,0.375,10,26
none,812.400432586935,406.2002162934675,81.2400432586935,0.5,10,26
promotion,884.2890099358032,393.0173377492458,98.25433443731146,0.4444444444444444,10,26
markdown,1273.0987316654612,477.41202437454797,159.13734145818265,0.375,10,27
none,429.1926813666827,214.59634068334134,42.919268136668265,0.5,10,27
promotion,884.289009935803,393.01733774924577,98.25433443731144,0.4444444444444444,10,27
markdown,584.127653352388,219.04787000714552,73.0159566690485,0.375,10,28
none,781.743812489315,390.8719062446575,78.1743812489315,0.5,10,28
promotion,1234.9553414620698,548.8690406498088,137.2172601624522,0.4444444444444444,10,28
markdown,943.5908246461653,353.84655924231197,117.94885308077066,0.375,10,29
none,720.4305722940746,360.2152861470373,72.04305722940747,0.5,10,29
promotion,930.0280966566204,413.34582073627575,103.33645518406894,0.4444444444444445,10,29
markdown,688.9710783130731,258.3641543674024,86.12138478913414,0.375,10,30
none,812.400432586935,406.2002162934675,81.2400432586935,0.5,10,30
promotion,1097.7380812996175,487.8835916887189,121.97089792217973,0.4444444444444445,10,30
markdown,718.9263425875545,269.59737847033296,89.86579282344431,0.37500000000000006,10,31
none,950.3552230262259,475.17761151311294,95.0355223026226,0.5,10,31
promotion,930.0280966566206,413.3458207362758,103.33645518406895,0.4444444444444444,10,31
markdown,1093.3671460185726,410.0126797569647,136.67089325232158,0.375,10,32
none,1118.9666335631368,559.4833167815684,111.89666335631368,0.5,10,32
promotion,381.15905600681174,169.40402489191635,42.35100622297909,0.4444444444444445,10,32
markdown,973.5460889206466,365.0797833452425,121.69326111508083,0.375,10,33
none,689.7739521964544,344.8869760982272,68.97739521964544,0.5,10,33
promotion,930.0280966566206,413.3458207362758,103.33645518406895,0.4444444444444444,10,33
markdown,659.0158140385917,247.13093026447189,82.37697675482396,0.375,10,34
none,981.011843123846,490.505921561923,98.1011843123846,0.5,10,34
promotion,960.5208211371656,426.89814272762914,106.72453568190728,0.4444444444444444,10,34
markdown,733.9039747247951,275.2139905217982,91.7379968405994,0.37500000000000006,10,35
none,935.0269129774158,467.5134564887079,93.50269129774159,0.5,10,35
promotion,930.0280966566206,413.3458207362758,103.33645518406895,0.4444444444444444,10,35
markdown,763.8592389992765,286.4472146247287,95.48240487490956,0.375,10,36
none,490.50592156192323,245.25296078096162,49.05059215619232,0.5,10,36
promotion,1341.6798771439771,596.3021676195455,149.07554190488636,0.4444444444444445,10,36
markdown,718.9263425875545,269.59737847033296,89.86579282344431,0.37500000000000006,10,37
none,751.0871923916947,375.54359619584733,75.10871923916947,0.5,10,37
promotion,1128.2308057801627,501.43591368007225,125.35897842001806,0.4444444444444444,10,37
markdown,659.0158140385914,247.13093026447183,82.37697675482393,0.37500000000000006,10,38
none,1241.5931139536178,620.7965569768089,124.15931139536178,0.5,10,38
promotion,701.3326630525336,311.70340580112605,77.92585145028151,0.4444444444444445,10,38
markdown,539.194756940666,202.19803385274975,67.39934461758325,0.375,10,39
none,919.6986029286059,459.8493014643029,91.96986029286057,0.5,10,39
promotion,1143.4771680204349,508.2120746757488,127.0530186689372,0.4444444444444444,10,39
markdown,614.0829176268696,230.28109411007614,76.7603647033587,0.37500000000000006,10,40
none,1057.6533933678966,528.8266966839483,105.76533933678965,0.5,10,40
promotion,930.0280966566204,413.34582073627575,103.33645518406894,0.4444444444444445,10,40
markdown,1018.4789853323688,381.9296194996383,127.3098731665461,0.375,10,41
none,873.7136727821753,436.85683639108765,87.37136727821753,0.5,10,41
promotion,701.3326630525338,311.7034058011261,77.92585145028153,0.4444444444444444,10,41
markdown,868.7026639599615,325.7634989849856,108.58783299499518,0.37500000000000006,10,42
none,567.1474718059737,283.57373590298687,56.71474718059737,0.5,10,42
promotion,1158.7235302607075,514.9882356714256,128.7470589178564,0.4444444444444445,10,42
markdown,1138.3000424302945,426.8625159113605,142.28750530378682,0.37500000000000006,10,43
none,812.4004325869352,406.2002162934676,81.24004325869352,0.5,10,43
promotion,640.3472140914436,284.59876181841935,71.14969045460484,0.4444444444444444,10,43
markdown,808.7921354109988,303.29705077912456,101.09901692637484,0.37500000000000006,10,44
none,597.8040919035938,298.9020459517969,59.78040919035938,0.5,10,44
promotion,1189.2162547412524,528.5405576627788,132.1351394156947,0.4444444444444444,10,44
markdown,1003.5013531951281,376.31300744817304,125.43766914939101,0.375,10,45
none,996.3401531726564,498.1700765863282,99.63401531726564,0.5,10,45
promotion,594.6081273706261,264.2702788313894,66.06756970784735,0.44444444444444453,10,45
markdown,838.7473996854803,314.5302748820551,104.84342496068504,0.37499999999999994,10,46
none,1011.6684632214663,505.8342316107331,101.16684632214663,0.5,10,46
promotion,747.071749773351,332.031888788156,83.007972197039,0.4444444444444444,10,46
markdown,673.9934461758323,252.74754231593712,84.24918077197904,0.375,10,47
none,735.7588823428847,367.87944117144235,73.57588823428847,0.5,10,47
promotion,1189.2162547412524,528.5405576627788,132.1351394156947,0.4444444444444444,10,47
markdown,898.6579282344429,336.9967230879161,112.33224102930537,0.375,10,48
none,827.7287426357452,413.8643713178726,82.77287426357452,0.5,10,48
promotion,869.0426476955308,386.2411767535692,96.5602941883923,0.4444444444444444,10,48
markdown,419.37369984274005,157.26513744102755,52.42171248034251,0.37500000000000006,10,49
none,1256.9214240024278,628.4607120012139,125.69214240024279,0.5,10,49
promotion,930.0280966566206,413.3458207362758,103.33645518406895,0.4444444444444444,10,49
markdown,1108.3447781558134,415.62929180843,138.54309726947668,0.375,10,50
none,996.3401531726562,498.1700765863281,99.63401531726562,0.5,10,50
promotion,487.8835916887188,216.83715186165279,54.209287965413196,0.4444444444444444,10,50
markdown,667.4422547423696,250.29084552838862,83.4302818427962,0.375,12,1
none,887.3046757019515,443.65233785097575,88.73046757019515,0.5,12,1
promotion,1470.240895406408,653.4403979584035,163.36009948960088,0.4444444444444444,12,1
markdown,1009.7203340974309,378.64512528653654,126.21504176217886,0.37499999999999994,12,2
none,887.3046757019515,443.65233785097575,88.73046757019515,0.5,12,2
promotion,1115.9659808506472,495.9848803780654,123.99622009451635,0.4444444444444444,12,2
markdown,1129.5176618717023,423.5691232018883,141.1897077339628,0.37499999999999994,12,3
none,1140.8202973310804,570.4101486655402,114.08202973310806,0.5,12,3
promotion,743.9773205670981,330.6565869187103,82.66414672967757,0.4444444444444445,12,3
markdown,958.3786221941716,359.3919833228143,119.79732777427145,0.37499999999999994,12,4
none,1158.9285560188753,579.4642780094376,115.89285560188752,0.5,12,4
promotion,903.4010321171908,401.5115698298626,100.37789245746565,0.4444444444444445,12,4
markdown,872.8091023554064,327.3034133832774,109.1011377944258,0.37500000000000006,12,5
none,1050.2790038921057,525.1395019460529,105.02790038921057,0.5,12,5
promotion,1098.2522351228592,488.11210449904854,122.02802612476214,0.4444444444444444,12,5
markdown,958.3786221941718,359.39198332281444,119.79732777427148,0.375,12,6
none,1412.4441776480041,706.2220888240021,141.24441776480043,0.5,12,6
promotion,655.4085919281578,291.29270752362567,72.82317688090642,0.4444444444444444,12,6
markdown,633.2144468068636,237.45541755257386,79.15180585085795,0.375,12,7
none,1050.2790038921057,525.1395019460529,105.02790038921059,0.5,12,7
promotion,1346.2446753118916,598.3309668052851,149.58274170132128,0.4444444444444444,12,7
markdown,1009.7203340974311,378.64512528653665,126.21504176217888,0.375,12,8
none,995.9542278287208,497.9771139143604,99.59542278287209,0.5,12,8
promotion,1009.6835064839188,448.74822510396393,112.18705627599098,0.4444444444444445,12,8
markdown,1232.201085678221,462.07540712933286,154.02513570977763,0.375,12,9
none,561.3560193216426,280.6780096608213,56.13560193216426,0.5,12,9
promotion,1204.5347094895874,535.3487597731499,133.83718994328748,0.4444444444444444,12,9
markdown,1608.706972968788,603.2651148632955,201.0883716210985,0.375,12,10
none,742.438606199592,371.219303099796,74.24386061995921,0.5,12,10
promotion,637.69484620037,283.4199316446089,70.85498291115222,0.4444444444444445,12,10
markdown,735.897870613382,275.96170148001823,91.98723382667275,0.375,12,11
none,1593.5267645259532,796.7633822629766,159.35267645259535,0.5,12,11
promotion,708.549829111522,314.9110351606764,78.7277587901691,0.4444444444444444,12,11
markdown,444.96150316158,166.8605636855925,55.6201878951975,0.37499999999999994,12,12
none,1539.2019884625684,769.6009942312842,153.92019884625685,0.5,12,12
promotion,1062.824743667283,472.3665527410147,118.09163818525367,0.4444444444444445,12,12
markdown,1026.834238065184,385.062839274444,128.354279758148,0.375,12,13
none,1430.5524363357993,715.2762181678996,143.05524363357992,0.5,12,13
promotion,566.8398632892174,251.9288281285411,62.98220703213528,0.44444444444444453,12,13
markdown,889.9230063231595,333.72112737118476,111.24037579039494,0.37499999999999994,12,14
none,887.3046757019515,443.65233785097575,88.73046757019515,0.5,12,14
promotion,1239.9622009451634,551.0943115311837,137.77357788279593,0.4444444444444444,12,14
markdown,427.8475991938266,160.44284969768498,53.48094989922833,0.375,12,15
none,1195.1450733944653,597.5725366972326,119.51450733944652,0.5,12,15
promotion,1417.099658223044,629.8220703213528,157.4555175803382,0.4444444444444444,12,15
markdown,958.3786221941718,359.39198332281444,119.79732777427148,0.375,12,16
none,651.8973127606173,325.94865638030865,65.18973127606174,0.5,12,16
promotion,1399.385912495256,621.9492944423359,155.48732361058399,0.4444444444444444,12,16
markdown,735.897870613382,275.96170148001823,91.98723382667275,0.375,12,17
none,1249.4698494578497,624.7349247289249,124.94698494578498,0.5,12,17
promotion,1045.110997939495,464.4937768619978,116.12344421549945,0.4444444444444444,12,17
markdown,650.3283507746166,243.8731315404812,81.29104384682708,0.37499999999999994,12,18
none,1213.2533320822602,606.6266660411301,121.32533320822603,0.5,12,18
promotion,1169.107218034011,519.603208015116,129.900802003779,0.4444444444444444,12,18
markdown,1129.5176618717026,423.5691232018885,141.18970773396282,0.375,12,19
none,832.9798996385665,416.48994981928325,83.29798996385665,0.5,12,19
promotion,1045.1109979394948,464.4937768619977,116.12344421549942,0.4444444444444444,12,19
markdown,1026.8342380651843,385.06283927444406,128.35427975814804,0.37499999999999994,12,20
none,1249.4698494578495,624.7349247289247,124.94698494578495,0.5,12,20
promotion,743.9773205670983,330.6565869187104,82.6641467296776,0.4444444444444445,12,20
markdown,547.6449269680982,205.36684761303684,68.45561587101227,0.37500000000000006,12,21
none,1285.6863668334397,642.8431834167199,128.56863668334398,0.5,12,21
promotion,1204.5347094895874,535.3487597731498,133.83718994328746,0.44444444444444436,12,21
markdown,753.0117745811349,282.3794154679256,94.12647182264186,0.375,12,22
none,1213.25333208226,606.62666604113,121.325333208226,0.5,12,22
promotion,1062.8247436672832,472.36655274101474,118.09163818525369,0.4444444444444444,12,22
markdown,633.2144468068636,237.45541755257386,79.15180585085795,0.375,12,23
none,1086.4955212676953,543.2477606338476,108.64955212676954,0.5,12,23
promotion,1310.8171838563158,582.5854150472514,145.64635376181286,0.4444444444444444,12,23
markdown,924.1508142586654,346.5565553469995,115.51885178233317,0.375,12,24
none,1177.0368147066702,588.5184073533351,117.70368147066702,0.5,12,24
promotion,921.1147778449788,409.38434570887944,102.34608642721986,0.4444444444444444,12,24
markdown,889.9230063231594,333.72112737118476,111.24037579039492,0.375,12,25
none,651.8973127606173,325.94865638030865,65.18973127606174,0.5,12,25
promotion,1470.2408954064083,653.4403979584037,163.3600994896009,0.4444444444444444,12,25
markdown,992.6064301296781,372.22741129862925,124.07580376620976,0.37499999999999994,12,26
none,832.9798996385663,416.48994981928314,83.29798996385664,0.5,12,26
promotion,1186.8209637617995,527.4759838941332,131.8689959735333,0.4444444444444445,12,26
markdown,1197.9732777427148,449.23997915351805,149.74665971783935,0.375,12,27
none,1195.145073394465,597.5725366972325,119.51450733944651,0.5,12,27
promotion,619.9811004725816,275.5471557655918,68.88678894139795,0.4444444444444444,12,27
markdown,1078.1759499684433,404.3159812381662,134.77199374605541,0.375,12,28
none,615.6807953850276,307.8403976925138,61.56807953850276,0.5,12,28
promotion,1310.8171838563155,582.5854150472513,145.64635376181283,0.4444444444444444,12,28
markdown,855.6951983876532,320.88569939536995,106.96189979845666,0.375,12,29
none,1177.03681470667,588.518407353335,117.70368147066701,0.5,12,29
promotion,991.9697607561311,440.87544922494715,110.21886230623679,0.4444444444444444,12,29
markdown,581.8727349036044,218.20227558885165,72.73409186295055,0.375,12,30
none,1430.5524363357988,715.2762181678994,143.0552436335799,0.5,12,30
promotion,1027.3972522117072,456.6210009829809,114.15525024574522,0.44444444444444436,12,30
markdown,444.9615031615798,166.8605636855924,55.620187895197475,0.37499999999999994,12,31
none,1448.660695023594,724.330347511797,144.86606950235938,0.5,12,31
promotion,1151.3934723062234,511.73043213609924,127.93260803402481,0.44444444444444436,12,31
markdown,1266.428893613727,474.9108351051476,158.30361170171588,0.375,12,32
none,688.1138301362071,344.05691506810354,68.81138301362071,0.5,12,32
promotion,1045.110997939495,464.4937768619978,116.12344421549945,0.4444444444444444,12,32
markdown,1283.5427975814803,481.3285490930551,160.44284969768503,0.375,12,33
none,434.5982085070782,217.2991042535391,43.45982085070782,0.5,12,33
promotion,1275.3896924007395,566.8398632892175,141.70996582230438,0.4444444444444444,12,33
markdown,1334.8845094847395,500.5816910567773,166.86056368559244,0.375,12,34
none,597.5725366972326,298.7862683486163,59.757253669723255,0.5,12,34
promotion,1062.8247436672827,472.3665527410146,118.09163818525364,0.4444444444444445,12,34
markdown,1283.5427975814798,481.3285490930549,160.44284969768498,0.375,12,35
none,633.7890540728224,316.8945270364112,63.37890540728225,0.5,12,35
promotion,1080.5384893950713,480.23932862003164,120.05983215500791,0.44444444444444436,12,35
markdown,787.239582516641,295.2148434437404,98.40494781458013,0.375,12,36
none,1303.7946255212346,651.8973127606173,130.37946255212347,0.5,12,36
promotion,938.8285235727667,417.25712158789634,104.31428039697408,0.4444444444444445,12,36
markdown,838.5812944199004,314.46798540746266,104.82266180248754,0.37500000000000006,12,37
none,869.1964170141566,434.5982085070783,86.91964170141566,0.5,12,37
promotion,1310.8171838563153,582.5854150472512,145.6463537618128,0.4444444444444444,12,37
markdown,1061.06204600069,397.89826725025875,132.63275575008626,0.375,12,38
none,1068.3872625799006,534.1936312899503,106.83872625799006,0.5,12,38
promotion,885.6872863894026,393.6387939508456,98.4096984877114,0.4444444444444444,12,38
markdown,1146.6315658394556,429.9868371897958,143.32894572993195,0.37499999999999994,12,39
none,1213.2533320822597,606.6266660411299,121.32533320822597,0.5,12,39
promotion,655.4085919281582,291.2927075236259,72.82317688090647,0.4444444444444445,12,39
markdown,1591.5930690010352,596.8474008753882,198.9491336251294,0.375,12,40
none,977.8459691409257,488.92298457046286,97.78459691409257,0.5,12,40
promotion,425.1298974669134,188.94662109640598,47.236655274101494,0.4444444444444445,12,40
markdown,1471.7957412267635,551.9234029600364,183.97446765334544,0.375,12,41
none,1140.8202973310804,570.4101486655402,114.08202973310803,0.5,12,41
promotion,389.70240601133725,173.20106933837212,43.30026733459303,0.4444444444444445,12,41
markdown,701.6700626778758,263.1262735042034,87.70875783473447,0.375,12,42
none,941.6294517653363,470.81472588266814,94.16294517653363,0.5,12,42
promotion,1381.6721667674676,614.076518563319,153.51912964082976,0.44444444444444453,12,42
markdown,1026.834238065184,385.062839274444,128.354279758148,0.375,12,43
none,941.6294517653361,470.81472588266803,94.16294517653361,0.5,12,43
promotion,1045.110997939495,464.4937768619978,116.12344421549945,0.4444444444444444,12,43
markdown,718.7839666456289,269.5439874921108,89.84799583070361,0.37499999999999994,12,44
none,1466.768953711389,733.3844768556945,146.6768953711389,0.5,12,44
promotion,850.2597949338265,377.8932421928117,94.47331054820293,0.4444444444444444,12,44
markdown,1095.2898539361963,410.73369522607356,136.91123174202454,0.37499999999999994,12,45
none,1122.7120386432855,561.3560193216427,112.27120386432854,0.5,12,45
promotion,797.1185577504623,354.27491455576103,88.56872863894026,0.4444444444444445,12,45
markdown,1009.7203340974311,378.64512528653665,126.21504176217888,0.375,12,46
none,1249.46984945785,624.734924728925,124.94698494578499,0.5,12,46
promotion,761.6910662948861,338.5293627977271,84.63234069943178,0.44444444444444436,12,46
markdown,1026.834238065184,385.062839274444,128.354279758148,0.375,12,47
none,1177.0368147066702,588.5184073533351,117.70368147066702,0.5,12,47
promotion,814.8323034782503,362.14769043477787,90.53692260869447,0.44444444444444436,12,47
markdown,1386.2262213879987,519.8348330204994,173.27827767349984,0.37499999999999994,12,48
none,488.922984570463,244.4614922852315,48.892298457046294,0.5,12,48
promotion,1115.965980850647,495.9848803780653,123.99622009451633,0.4444444444444445,12,48
markdown,941.2647182264188,352.97426933490704,117.65808977830235,0.37499999999999994,12,49
none,832.9798996385667,416.48994981928337,83.29798996385668,0.5,12,49
promotion,1239.9622009451632,551.0943115311836,137.7735778827959,0.4444444444444444,12,49
markdown,650.3283507746166,243.8731315404812,81.29104384682708,0.37499999999999994,12,50
none,995.9542278287206,497.9771139143603,99.59542278287206,0.5,12,50
promotion,1381.672166767468,614.0765185633192,153.5191296408298,0.4444444444444445,12,50
markdown,847.0771830116389,317.65394362936456,105.88464787645486,0.37499999999999994,14,1
none,1223.854148892383,611.9270744461915,122.38541488923828,0.5,14,1
promotion,1301.325360453805,578.3668268683577,144.59170671708944,0.4444444444444444,14,1
markdown,1524.73892942095,571.7770985328563,190.59236617761874,0.375,14,2
none,917.8906116692872,458.9453058346436,91.78906116692872,0.5,14,2
promotion,887.2672912185034,394.3410183193348,98.5852545798337,0.4444444444444444,14,2
markdown,602.3659968082766,225.88724880310372,75.29574960103457,0.375,14,3
none,1407.43227122624,703.71613561312,140.743227122624,0.5,14,3
promotion,1380.193564117672,613.4193618300765,153.35484045751912,0.4444444444444445,14,3
markdown,828.2532456113802,310.59496710426754,103.53165570142252,0.37499999999999994,14,4
none,1081.0711648549382,540.5355824274691,108.10711648549382,0.5,14,4
promotion,1459.061767781539,648.4718967917951,162.11797419794877,0.4444444444444444,14,4
markdown,583.5420594080181,218.82827227800675,72.94275742600226,0.37499999999999994,14,5
none,693.5173510390168,346.7586755195084,69.35173510390167,0.5,14,5
promotion,2090.0073970924745,928.8921764855442,232.22304412138604,0.4444444444444444,14,5
markdown,884.7250578121563,331.7718966795586,110.59063222651953,0.375,14,6
none,1121.866303151351,560.9331515756755,112.1866303151351,0.5,14,6
promotion,1360.4765132017048,604.6562280896466,151.16405702241164,0.4444444444444444,14,6
markdown,564.7181220077592,211.76929575290973,70.5897652509699,0.375,14,7
none,795.5051967800489,397.75259839002445,79.55051967800489,0.5,14,7
promotion,2011.1391934286075,893.8396415238255,223.4599103809564,0.4444444444444444,14,7
markdown,790.6053708108632,296.4770140540737,98.8256713513579,0.37500000000000006,14,8
none,1081.071164854938,540.535582427469,108.10711648549379,0.5,14,8
promotion,1498.4958696134722,665.9981642726543,166.49954106816358,0.4444444444444444,14,8
markdown,1392.9713676191393,522.3642628571772,174.1214209523924,0.375,14,9
none,979.0833191139062,489.5416595569531,97.90833191139062,0.5,14,9
promotion,966.1354948823705,429.3935532810535,107.34838832026338,0.4444444444444444,14,9
markdown,1242.3798684170704,465.89245065640137,155.2974835521338,0.375,14,10
none,1060.6735957067317,530.3367978533659,106.06735957067316,0.5,14,10
promotion,1045.0036985462373,464.44608824277213,116.11152206069303,0.4444444444444445,14,10
markdown,1204.7319936165532,451.7744976062074,150.59149920206914,0.37499999999999994,14,11
none,1081.071164854938,540.535582427469,108.1071164854938,0.5,14,11
promotion,1064.7207494622041,473.20922198320187,118.30230549580047,0.4444444444444445,14,11
markdown,489.4223724067248,183.53338965252178,61.1777965508406,0.37499999999999994,14,12
none,1611.407962708304,805.703981354152,161.14079627083038,0.5,14,12
promotion,1301.325360453805,578.3668268683577,144.59170671708944,0.4444444444444444,14,12
markdown,602.3659968082766,225.88724880310374,75.29574960103457,0.37500000000000006,14,13
none,1264.6492871887954,632.3246435943977,126.46492871887953,0.5,14,13
promotion,1518.212920529439,674.761298013084,168.690324503271,0.4444444444444444,14,13
markdown,941.1968700129324,352.9488262548497,117.64960875161655,0.375,14,14
none,1489.0225478190655,744.5112739095327,148.90225478190655,0.5,14,14
promotion,946.4184439664036,420.6304195406238,105.15760488515595,0.4444444444444444,14,14
markdown,1505.9149920206912,564.7181220077592,188.2393740025864,0.375,14,15
none,1162.661441447764,581.330720723882,116.26614414477639,0.5,14,15
promotion,670.3797311428691,297.9465471746085,74.48663679365212,0.4444444444444445,14,15
markdown,903.5489952124151,338.83087320465563,112.94362440155189,0.37499999999999994,14,16
none,1529.8176861154784,764.9088430577392,152.98176861154784,0.5,14,16
promotion,946.4184439664033,420.6304195406237,105.15760488515592,0.4444444444444444,14,16
markdown,1280.0277432175878,480.0104037065954,160.00346790219848,0.375,14,17
none,1937.769069079606,968.884534539803,193.77690690796058,0.5,14,17
promotion,157.736407327734,70.10506992343734,17.526267480859335,0.4444444444444445,14,17
markdown,1618.8586164222434,607.0719811583413,202.35732705278042,0.375,14,18
none,979.0833191139062,489.5416595569531,97.90833191139062,0.5,14,18
promotion,729.5308838907694,324.2359483958975,81.05898709897437,0.4444444444444444,14,18
markdown,997.6686822137079,374.12575583014046,124.70858527671349,0.375,14,19
none,1713.395808449336,856.697904224668,171.3395808449336,0.5,14,19
promotion,670.3797311428691,297.9465471746085,74.48663679365212,0.4444444444444445,14,19
markdown,1298.8516806178466,487.06938023169243,162.35646007723082,0.375,14,20
none,1203.4565797441762,601.7282898720881,120.34565797441762,0.5,14,20
promotion,847.8331893865698,376.81475083847545,94.20368770961886,0.4444444444444444,14,20
markdown,1204.7319936165532,451.7744976062074,150.59149920206914,0.37499999999999994,14,21
none,815.9027659282553,407.9513829641277,81.59027659282553,0.5,14,21
promotion,1321.0424113697716,587.1299606087873,146.78249015219683,0.4444444444444444,14,21
markdown,903.5489952124149,338.8308732046556,112.94362440155186,0.375,14,22
none,1223.854148892383,611.9270744461915,122.38541488923828,0.5,14,22
promotion,1242.1742077059048,552.0774256470687,138.01935641176718,0.44444444444444436,14,22
markdown,1072.9644318147425,402.3616619305285,134.1205539768428,0.37500000000000006,14,23
none,1305.4444254852083,652.7222127426041,130.5444425485208,0.5,14,23
promotion,985.8525457983371,438.15668702148315,109.53917175537079,0.4444444444444444,14,23
markdown,1016.4926196139664,381.18473235523743,127.0615774517458,0.375,14,24
none,1509.4201169672722,754.7100584836361,150.9420116967272,0.5,14,24
promotion,847.8331893865701,376.81475083847556,94.20368770961889,0.4444444444444444,14,24
markdown,1392.9713676191393,522.3642628571773,174.1214209523924,0.37500000000000006,14,25
none,1101.4687340031446,550.7343670015723,110.14687340031445,0.5,14,25
promotion,847.83318938657,376.81475083847556,94.20368770961889,0.4444444444444445,14,25
markdown,828.2532456113803,310.5949671042676,103.53165570142254,0.375,14,26
none,2080.552053117051,1040.2760265585255,208.05520531170507,0.5,14,26
promotion,492.92627289916845,219.07834351074152,54.76958587768538,0.4444444444444444,14,26
markdown,865.9011204118978,324.71292015446164,108.23764005148722,0.375,14,27
none,1407.4322712262401,703.7161356131201,140.743227122624,0.5,14,27
promotion,1104.1548512941374,490.73548946406106,122.68387236601527,0.4444444444444444,14,27
markdown,1694.1543660232778,635.3078872587291,211.76929575290973,0.37499999999999994,14,28
none,836.3003350764615,418.15016753823073,83.63003350764615,0.5,14,28
promotion,788.6820366386698,350.5253496171866,87.63133740429664,0.4444444444444444,14,28
markdown,1487.0910546204327,557.6591454826622,185.8863818275541,0.37499999999999994,14,29
none,856.6979042246677,428.34895211233385,85.66979042246678,0.5,14,29
promotion,985.8525457983374,438.15668702148326,109.53917175537082,0.4444444444444444,14,29
markdown,1543.5628668212087,578.8360750579532,192.94535835265108,0.37499999999999994,14,30
none,917.8906116692871,458.94530583464353,91.7890611669287,0.5,14,30
promotion,867.5502403025366,385.5778845789052,96.3944711447263,0.4444444444444445,14,30
markdown,1430.619242419657,536.4822159073714,178.82740530245712,0.375,14,31
none,897.4930425210808,448.7465212605404,89.74930425210808,0.5,14,31
promotion,1005.5695967143035,446.91982076191266,111.72995519047817,0.4444444444444444,14,31
markdown,1072.9644318147427,402.3616619305285,134.12055397684284,0.375,14,32
none,1407.4322712262401,703.7161356131201,140.743227122624,0.5,14,32
promotion,887.2672912185034,394.3410183193348,98.5852545798337,0.4444444444444444,14,32
markdown,1167.0841188160355,437.6565445560133,145.88551485200443,0.375,14,33
none,1203.456579744177,601.7282898720885,120.34565797441769,0.5,14,33
promotion,985.8525457983369,438.15668702148304,109.53917175537076,0.4444444444444444,14,33
markdown,1054.1404944144842,395.3026854054316,131.76756180181053,0.375,14,34
none,815.9027659282553,407.9513829641277,81.59027659282553,0.5,14,34
promotion,1478.7788186975051,657.2350305322245,164.30875763305613,0.4444444444444445,14,34
markdown,1261.2038058173287,472.9514271814983,157.65047572716608,0.375,14,35
none,1183.0590105959702,591.5295052979851,118.30590105959702,0.5,14,35
promotion,906.9843421344702,403.10415205976454,100.77603801494114,0.4444444444444444,14,35
markdown,1411.795305019398,529.4232393822742,176.47441312742475,0.375,14,36
none,611.9270744461917,305.96353722309584,61.19270744461916,0.5,14,36
promotion,1301.325360453805,578.3668268683577,144.59170671708944,0.4444444444444444,14,36
markdown,960.0208074131907,360.00780277994653,120.00260092664884,0.375,14,37
none,1040.2760265585257,520.1380132792629,104.02760265585256,0.5,14,37
promotion,1360.4765132017048,604.6562280896466,151.16405702241164,0.4444444444444444,14,37
markdown,1374.147430218881,515.3052863320804,171.76842877736013,0.375,14,38
none,1223.8541488923825,611.9270744461912,122.38541488923826,0.5,14,38
promotion,749.2479348067362,332.9990821363272,83.2497705340818,0.4444444444444445,14,38
markdown,734.1335586100872,275.3000844787827,91.7666948262609,0.375,14,39
none,1244.2517180405891,622.1258590202946,124.4251718040589,0.5,14,39
promotion,1399.9106150336384,622.1824955705059,155.54562389262648,0.4444444444444444,14,39
markdown,884.7250578121563,331.7718966795586,110.59063222651953,0.375,14,40
none,1081.071164854938,540.535582427469,108.10711648549379,0.5,14,40
promotion,1399.9106150336386,622.182495570506,155.5456238926265,0.4444444444444444,14,40
markdown,1148.2601814157772,430.5975680309164,143.53252267697215,0.375,14,41
none,1081.0711648549382,540.5355824274691,108.10711648549382,0.5,14,41
promotion,1123.8719022101043,499.49862320449074,124.87465580112269,0.4444444444444444,14,41
markdown,997.668682213708,374.1257558301405,124.7085852767135,0.375,14,42
none,795.5051967800488,397.7525983900244,79.55051967800487,0.5,14,42
promotion,1557.6470223613724,692.2875654939432,173.0718913734858,0.4444444444444444,14,42
markdown,941.1968700129324,352.9488262548497,117.64960875161655,0.375,14,43
none,1325.8419946334145,662.9209973167073,132.58419946334146,0.5,14,43
promotion,1104.1548512941374,490.73548946406106,122.68387236601527,0.4444444444444444,14,43
markdown,1091.7883692150012,409.4206384556254,136.47354615187515,0.37499999999999994,14,44
none,673.1197818908106,336.5598909454053,67.31197818908106,0.5,14,44
promotion,1577.3640732773395,701.050699234373,175.26267480859326,0.4444444444444444,14,44
markdown,1468.2671172201738,550.6001689575651,183.53338965252172,0.37499999999999994,14,45
none,1060.6735957067322,530.3367978533661,106.0673595706732,0.5,14,45
promotion,808.3990875546365,359.2884833576162,89.82212083940405,0.4444444444444444,14,45
markdown,1242.3798684170704,465.8924506564014,155.2974835521338,0.375,14,46
none,1060.6735957067317,530.3367978533659,106.06735957067316,0.5,14,46
promotion,1045.0036985462373,464.44608824277213,116.11152206069303,0.4444444444444445,14,46
markdown,1280.0277432175876,480.0104037065953,160.00346790219845,0.37499999999999994,14,47
none,958.6857499656999,479.34287498284993,95.86857499656999,0.5,14,47
promotion,1104.1548512941376,490.7354894640611,122.68387236601528,0.4444444444444444,14,47
markdown,1280.0277432175878,480.0104037065954,160.00346790219848,0.375,14,48
none,1142.263872299557,571.1319361497785,114.2263872299557,0.5,14,48
promotion,926.7013930504369,411.86728580019417,102.96682145004854,0.4444444444444444,14,48
markdown,941.1968700129322,352.94882625484956,117.64960875161653,0.375,14,49
none,1264.6492871887956,632.3246435943978,126.46492871887956,0.5,14,49
promotion,1163.3060040420376,517.02489068535,129.2562226713375,0.4444444444444444,14,49
markdown,1016.4926196139667,381.1847323552375,127.06157745174583,0.375,14,50
none,1101.4687340031446,550.7343670015723,110.14687340031446,0.5,14,50
promotion,1242.1742077059048,552.0774256470687,138.01935641176718,0.44444444444444436,14,50
